{
    "name": "root",
    "gauges": {
        "MoveToGoal.Policy.Entropy.mean": {
            "value": 1.2197738885879517,
            "min": 1.1723616123199463,
            "max": 1.3862941265106201,
            "count": 500
        },
        "MoveToGoal.Policy.Entropy.sum": {
            "value": 1291.7406005859375,
            "min": 858.1160888671875,
            "max": 1585.747802734375,
            "count": 500
        },
        "MoveToGoal.Step.mean": {
            "value": 499975.0,
            "min": 960.0,
            "max": 499975.0,
            "count": 500
        },
        "MoveToGoal.Step.sum": {
            "value": 499975.0,
            "min": 960.0,
            "max": 499975.0,
            "count": 500
        },
        "MoveToGoal.Policy.ExtrinsicValueEstimate.mean": {
            "value": 0.6143786907196045,
            "min": -0.1445523500442505,
            "max": 0.678804337978363,
            "count": 500
        },
        "MoveToGoal.Policy.ExtrinsicValueEstimate.sum": {
            "value": 10.444437980651855,
            "min": -2.312837600708008,
            "max": 12.694416046142578,
            "count": 500
        },
        "MoveToGoal.Policy.CuriosityValueEstimate.mean": {
            "value": -0.020978068932890892,
            "min": -0.3267187476158142,
            "max": 0.10939469188451767,
            "count": 500
        },
        "MoveToGoal.Policy.CuriosityValueEstimate.sum": {
            "value": -0.3566271662712097,
            "min": -5.456313610076904,
            "max": 1.9625561237335205,
            "count": 500
        },
        "MoveToGoal.IsTraining.mean": {
            "value": 1.0,
            "min": 1.0,
            "max": 1.0,
            "count": 500
        },
        "MoveToGoal.IsTraining.sum": {
            "value": 1.0,
            "min": 1.0,
            "max": 1.0,
            "count": 500
        },
        "MoveToGoal.Environment.EpisodeLength.mean": {
            "value": 249.0,
            "min": 76.0,
            "max": 499.0,
            "count": 467
        },
        "MoveToGoal.Environment.EpisodeLength.sum": {
            "value": 747.0,
            "min": 76.0,
            "max": 3992.0,
            "count": 467
        },
        "MoveToGoal.Environment.CumulativeReward.mean": {
            "value": 3.5833336040377617,
            "min": -1.2473334223031998,
            "max": 9.662000767886639,
            "count": 466
        },
        "MoveToGoal.Environment.CumulativeReward.sum": {
            "value": 10.750000812113285,
            "min": -5.733000040054321,
            "max": 37.83500260859728,
            "count": 466
        },
        "MoveToGoal.Policy.ExtrinsicReward.mean": {
            "value": 3.5833336040377617,
            "min": -1.2473334223031998,
            "max": 9.662000767886639,
            "count": 466
        },
        "MoveToGoal.Policy.ExtrinsicReward.sum": {
            "value": 10.750000812113285,
            "min": -5.733000040054321,
            "max": 37.83500260859728,
            "count": 466
        },
        "MoveToGoal.Policy.CuriosityReward.mean": {
            "value": 0.0003298780136825978,
            "min": 0.0,
            "max": 0.32873178366571665,
            "count": 466
        },
        "MoveToGoal.Policy.CuriosityReward.sum": {
            "value": 0.0009896340410477933,
            "min": 0.0,
            "max": 1.8110159151256084,
            "count": 466
        },
        "MoveToGoal.Losses.PolicyLoss.mean": {
            "value": 0.11222359059999386,
            "min": 0.07471768348477781,
            "max": 0.14032846396633733,
            "count": 50
        },
        "MoveToGoal.Losses.PolicyLoss.sum": {
            "value": 0.11222359059999386,
            "min": 0.07471768348477781,
            "max": 0.14032846396633733,
            "count": 50
        },
        "MoveToGoal.Losses.ValueLoss.mean": {
            "value": 0.17547236358126003,
            "min": 0.0024873789404712926,
            "max": 0.17879157985250155,
            "count": 50
        },
        "MoveToGoal.Losses.ValueLoss.sum": {
            "value": 0.17547236358126003,
            "min": 0.0024873789404712926,
            "max": 0.17879157985250155,
            "count": 50
        },
        "MoveToGoal.Policy.LearningRate.mean": {
            "value": 3.2844989051999885e-06,
            "min": 3.2844989051999885e-06,
            "max": 0.0002939778020074,
            "count": 50
        },
        "MoveToGoal.Policy.LearningRate.sum": {
            "value": 3.2844989051999885e-06,
            "min": 3.2844989051999885e-06,
            "max": 0.0002939778020074,
            "count": 50
        },
        "MoveToGoal.Policy.Epsilon.mean": {
            "value": 0.10109479999999997,
            "min": 0.10109479999999997,
            "max": 0.19799260000000002,
            "count": 50
        },
        "MoveToGoal.Policy.Epsilon.sum": {
            "value": 0.10109479999999997,
            "min": 0.10109479999999997,
            "max": 0.19799260000000002,
            "count": 50
        },
        "MoveToGoal.Policy.Beta.mean": {
            "value": 6.463051999999982e-05,
            "min": 6.463051999999982e-05,
            "max": 0.00489983074,
            "count": 50
        },
        "MoveToGoal.Policy.Beta.sum": {
            "value": 6.463051999999982e-05,
            "min": 6.463051999999982e-05,
            "max": 0.00489983074,
            "count": 50
        },
        "MoveToGoal.Losses.CuriosityForwardLoss.mean": {
            "value": 7.10895083102514e-06,
            "min": 1.2836092992074556e-06,
            "max": 0.06143356344352166,
            "count": 50
        },
        "MoveToGoal.Losses.CuriosityForwardLoss.sum": {
            "value": 7.10895083102514e-06,
            "min": 1.2836092992074556e-06,
            "max": 0.06143356344352166,
            "count": 50
        },
        "MoveToGoal.Losses.CuriosityInverseLoss.mean": {
            "value": 1.3201555291811624,
            "min": 1.3201555291811624,
            "max": 1.3880169232686361,
            "count": 50
        },
        "MoveToGoal.Losses.CuriosityInverseLoss.sum": {
            "value": 1.3201555291811624,
            "min": 1.3201555291811624,
            "max": 1.3880169232686361,
            "count": 50
        }
    },
    "metadata": {
        "timer_format_version": "0.1.0",
        "start_time_seconds": "1665609186",
        "python_version": "3.6.13 |Anaconda, Inc.| (default, Mar 16 2021, 11:37:27) [MSC v.1916 64 bit (AMD64)]",
        "command_line_arguments": "C:\\Users\\Johor\\anaconda3\\envs\\env\\Scripts\\mlagents-learn config/MoveToGoal2.yaml --env=C:\\Users\\Johor\\Documents\\ML\\Final02\\platformerEnvironment --num-envs=10 --run-id=F0021",
        "mlagents_version": "0.28.0",
        "mlagents_envs_version": "0.28.0",
        "communication_protocol_version": "1.5.0",
        "pytorch_version": "1.7.1+cu110",
        "numpy_version": "1.19.5",
        "end_time_seconds": "1665610325"
    },
    "total": 1139.2394466,
    "count": 1,
    "self": 0.1669936000000689,
    "children": {
        "run_training.setup": {
            "total": 0.5861467,
            "count": 1,
            "self": 0.5861467
        },
        "TrainerController.start_learning": {
            "total": 1138.4863063,
            "count": 1,
            "self": 1.6097180000090248,
            "children": {
                "TrainerController._reset_env": {
                    "total": 3.268186,
                    "count": 1,
                    "self": 3.268186
                },
                "TrainerController.advance": {
                    "total": 1133.5379411999913,
                    "count": 55877,
                    "self": 0.7047870999954284,
                    "children": {
                        "env_step": {
                            "total": 998.2408398999892,
                            "count": 55877,