{
    "name": "root",
    "gauges": {
        "MoveToGoal.Policy.Entropy.mean": {
            "value": 1.9841217994689941,
            "min": 1.9841217994689941,
            "max": 2.0189805030822754,
            "count": 4
        },
        "MoveToGoal.Policy.Entropy.sum": {
            "value": 1986.10595703125,
            "min": 1986.10595703125,
            "max": 2020.9993896484375,
            "count": 4
        },
        "MoveToGoal.Step.mean": {
            "value": 3963.0,
            "min": 960.0,
            "max": 3963.0,
            "count": 4
        },
        "MoveToGoal.Step.sum": {
            "value": 3963.0,
            "min": 960.0,
            "max": 3963.0,
            "count": 4
        },
        "MoveToGoal.Policy.ExtrinsicValueEstimate.mean": {
            "value": -3.0569751262664795,
            "min": -3.513075590133667,
            "max": -2.869659423828125,
            "count": 4
        },
        "MoveToGoal.Policy.ExtrinsicValueEstimate.sum": {
            "value": -48.91160202026367,
            "min": -52.69613265991211,
            "max": -45.91455078125,
            "count": 4
        },
        "MoveToGoal.Environment.EpisodeLength.mean": {
            "value": 1000.0,
            "min": 1000.0,
            "max": 1000.0,
            "count": 4
        },
        "MoveToGoal.Environment.EpisodeLength.sum": {
            "value": 1000.0,
            "min": 1000.0,
            "max": 1000.0,
            "count": 4
        },
        "MoveToGoal.IsTraining.mean": {
            "value": 1.0,
            "min": 1.0,
            "max": 1.0,
            "count": 4
        },
        "MoveToGoal.IsTraining.sum": {
            "value": 1.0,
            "min": 1.0,
            "max": 1.0,
            "count": 4
        },
        "MoveToGoal.Environment.CumulativeReward.mean": {
            "value": -0.6000000238418579,
            "min": -0.6000000238418579,
            "max": -0.6000000238418579,
            "count": 3
        },
        "MoveToGoal.Environment.CumulativeReward.sum": {
            "value": -0.6000000238418579,
            "min": -0.6000000238418579,
            "max": -0.6000000238418579,
            "count": 3
        },
        "MoveToGoal.Policy.ExtrinsicReward.mean": {
            "value": -0.6000000238418579,
            "min": -0.6000000238418579,
            "max": -0.6000000238418579,
            "count": 3
        },
        "MoveToGoal.Policy.ExtrinsicReward.sum": {
            "value": -0.6000000238418579,
            "min": -0.6000000238418579,
            "max": -0.6000000238418579,
            "count": 3
        },
        "MoveToGoal.Losses.PolicyLoss.mean": {
            "value": 0.13190536021405327,
            "min": 0.13190536021405327,
            "max": 0.13190536021405327,
            "count": 1
        },
        "MoveToGoal.Losses.PolicyLoss.sum": {
            "value": 0.13190536021405327,
            "min": 0.13190536021405327,
            "max": 0.13190536021405327,
            "count": 1
        },
        "MoveToGoal.Losses.ValueLoss.mean": {
            "value": 0.7368643742132311,
            "min": 0.7368643742132311,
            "max": 0.7368643742132311,
            "count": 1
        },
        "MoveToGoal.Losses.ValueLoss.sum": {
            "value": 0.7368643742132311,
            "min": 0.7368643742132311,
            "max": 0.7368643742132311,
            "count": 1
        },
        "MoveToGoal.Policy.LearningRate.mean": {
            "value": 0.0002998760400413199,
            "min": 0.0002998760400413199,
            "max": 0.0002998760400413199,
            "count": 1
        },
        "MoveToGoal.Policy.LearningRate.sum": {
            "value": 0.0002998760400413199,
            "min": 0.0002998760400413199,
            "max": 0.0002998760400413199,
            "count": 1
        },
        "MoveToGoal.Policy.Epsilon.mean": {
            "value": 0.19995867999999997,
            "min": 0.19995867999999997,
            "max": 0.19995867999999997,
            "count": 1
        },
        "MoveToGoal.Policy.Epsilon.sum": {
            "value": 0.19995867999999997,
            "min": 0.19995867999999997,
            "max": 0.19995867999999997,
            "count": 1
        },
        "MoveToGoal.Policy.Beta.mean": {
            "value": 0.004999999999999999,
            "min": 0.004999999999999999,
            "max": 0.004999999999999999,
            "count": 1
        },
        "MoveToGoal.Policy.Beta.sum": {
            "value": 0.004999999999999999,
            "min": 0.004999999999999999,
            "max": 0.004999999999999999,
            "count": 1
        }
    },
    "metadata": {
        "timer_format_version": "0.1.0",
        "start_time_seconds": "1664907566",
        "python_version": "3.6.13 |Anaconda, Inc.| (default, Mar 16 2021, 11:37:27) [MSC v.1916 64 bit (AMD64)]",
        "command_line_arguments": "C:\\Users\\Johor\\anaconda3\\envs\\env\\Scripts\\mlagents-learn config/MoveToGoal.yaml --force",
        "mlagents_version": "0.28.0",
        "mlagents_envs_version": "0.28.0",
        "communication_protocol_version": "1.5.0",
        "pytorch_version": "1.7.1+cu110",
        "numpy_version": "1.19.5",
        "end_time_seconds": "1664907759"
    },
    "total": 192.8167545,
    "count": 1,
    "self": 0.003957500000012715,
    "children": {
        "run_training.setup": {
            "total": 0.06856770000000001,
            "count": 1,
            "self": 0.06856770000000001
        },
        "TrainerController.start_learning": {
            "total": 192.7442293,
            "count": 1,
            "self": 0.06895130000032168,
            "children": {
                "TrainerController._reset_env": {
                    "total": 5.1530233999999995,
                    "count": 1,
                    "self": 5.1530233999999995
                },
                "TrainerController.advance": {
                    "total": 187.4409607999997,
                    "count": 4107,
                    "self": 0.062372899999900255,
                    "children": {
                        "env_step": {
                            "total": 185.06846580000024,
                            "count": 4107,
                            "self": 167.6940001000006,
                            "children": {
                                "SubprocessEnvManager._take_step": {
                                    "total": 17.33600629999995,
                                    "count": 4107,
                                    "self": 0.1597293999999252,
                                    "children": {
                                        "TorchPolicy.evaluate": {
                                            "total": 17.176276900000026,
                                            "count": 4103,
                                            "self": 5.780197199999314,
                                            "children": {
                                                "TorchPolicy.sample_actions": {
                                                    "total": 11.396079700000712,
                                                    "count": 4103,
                                                    "self": 11.396079700000712
                                                }
                                            }
                                        }
                                    }
                                },
                                "workers": {
                                    "total": 0.03845939999969161,
                                    "count": 4106,
                                    "self": 0.0,
                                    "children": {
                                        "worker_root": {
                                            "total": 127.28864730000025,
                                            "count": 4106,
                                            "is_parallel": true,