{
    "name": "root",
    "metadata": {
        "timer_format_version": "0.1.0",
        "start_time_seconds": "1670273841",
        "python_version": "3.6.13 |Anaconda, Inc.| (default, Mar 16 2021, 11:37:27) [MSC v.1916 64 bit (AMD64)]",
        "command_line_arguments": "C:\\Users\\Johor\\anaconda3\\envs\\env\\Scripts\\mlagents-learn --force",
        "mlagents_version": "0.28.0",
        "mlagents_envs_version": "0.28.0",
        "communication_protocol_version": "1.5.0",
        "pytorch_version": "1.7.1+cu110",
        "numpy_version": "1.19.5",
        "end_time_seconds": "1670274027"
    },
    "total": 186.0617033,
    "count": 1,
    "self": 0.00416250000000673,
    "children": {
        "run_training.setup": {
            "total": 0.0328266,
            "count": 1,
            "self": 0.0328266
        },
        "TrainerController.start_learning": {
            "total": 186.0247142,
            "count": 1,
            "self": 0.10520759999971574,
            "children": {
                "TrainerController._reset_env": {
                    "total": 16.712975500000002,
                    "count": 1,
                    "self": 16.712975500000002
                },
                "TrainerController.advance": {
                    "total": 169.1088333000003,
                    "count": 6587,
                    "self": 0.09407060000054912,
                    "children": {
                        "env_step": {
                            "total": 168.12731769999965,
                            "count": 6587,
                            "self": 148.08708199999896,
                            "children": {
                                "SubprocessEnvManager._take_step": {
                                    "total": 19.98087840000014,
                                    "count": 6587,
                                    "self": 0.23223980000105726,
                                    "children": {
                                        "TorchPolicy.evaluate": {
                                            "total": 19.748638599999083,
                                            "count": 6472,
                                            "self": 6.136531799998341,
                                            "children": {
                                                "TorchPolicy.sample_actions": {
                                                    "total": 13.612106800000742,
                                                    "count": 6472,
                                                    "self": 13.612106800000742
                                                }
                                            }
                                        }
                                    }
                                },
                                "workers": {
                                    "total": 0.05935730000054207,
                                    "count": 6586,
                                    "self": 0.0,
                                    "children": {
                                        "worker_root": {
                                            "total": 109.09923320000016,
                                            "count": 6586,
                                            "is_parallel": true,
                                            "self": 25.88534870000015,
                                            "children": {
                                                "steps_from_proto": {
                                                    "total": 0.0003413,
                                                    "count": 1,
                                                    "is_parallel": true,
                                                    "self": 0.0001458,
                                                    "children": {
                                                        "_process_rank_one_or_two_observation": {
                                                            "total": 0.0001955,
                                                            "count": 6,
                                                            "is_parallel": true,
                                                            "self": 0.0001955
                                                        }
                                                    }
                                                },
                                                "UnityEnvironment.step": {
                                                    "total": 83.2135432,
                                                    "count": 6586,
                                                    "is_parallel": true,
                                                    "self": 0.3300986000001842,
                                                    "children": {
                                                        "UnityEnvironment._generate_step_input": {
                                                            "total": 0.22034359999994746,
                                                            "count": 6586,
                                                            "is_parallel": true,
                                                            "self": 0.22034359999994746
                                                        },
                                                        "communicator.exchange": {
                                                            "total": 81.25463089999988,
                                                            "count": 6586,
                                                            "is_parallel": true,
                                                            "self": 81.25463089999988
                                                        },
                                                        "steps_from_proto": {
                                                            "total": 1.4084700999999882,
                                                            "count": 6586,
                                                            "is_parallel": true,
                                                            "self": 0.6394209999998455,
                                                            "children": {
                                                                "_process_rank_one_or_two_observation": {
                                                                    "total": 0.7690491000001427,
                                                                    "count": 39516,
                                                                    "is_parallel": true,
                                                                    "self": 0.7690491000001427
                                                                }
                                                            }
                                                        }
                                                    }
                                                }
                                            }
                                        }
                                    }
                                }
                            }
                        },
                        "trainer_advance": {
                            "total": 0.8874450000000991,
                            "count": 6586,
                            "self": 0.1303452999996857,
                            "children": {
                                "process_trajectory": {
                                    "total": 0.7570997000004134,
                                    "count": 6586,
                                    "self": 0.7570997000004134
                                }
                            }
                        }
                    }
                },
                "TrainerController._save_models": {
                    "total": 0.09769779999999173,